{"u0": 0.0, "u1": 0.09289456066112423, "u2": 0.19646529568542923, "u3": 0.3492848867478088}