{"u0": 0.4512354844498607, "u1": 0.437093702585387, "u2": 0.43809704642580916, "u3": 0.3492848867478088}