{"u0": 0.4512354844498607, "u1": 0.7264804258197657, "u2": 0.7783441501796426, "u3": 0.8346936262463152}