{"u0": 0.9371573499570691, "u1": 1.103263174676601, "u2": 1.0346300871371577, "u3": 0.8346936262463152}