{"u0": 0.9371573499570691, "u1": 1.387283982980516, "u2": 1.4047577609148725, "u3": 1.3124534745259218}