{"u3": [0.0, 0.0], "u2": [0.047177466624096304, 0.48529411764705865], "u1": [0.1706164291349265, 0.6029411764705882], "u0": [0.2186349320492029, 0.7794117647058822]}