{"u3": [0.0, 0.0], "u2": [0.013104291495309117, 0.4779411764705882], "u1": [0.2078333739970975, 0.4852941176470589], "u0": [0.21900989845991967, 0.6911764705882354]}