{"u0": [0.0, 0.0], "u1": [0.11830956853469773, 0.47058823529411764], "u2": [0.15588902220028147, 0.6102941176470588], "u3": [0.21365574870458773, 0.7794117647058822]}