{"u0": [0.0, 0.0], "u1": [0.09755382720460137, 0.08823529411764708], "u2": [0.06940117960615251, 0.32352941176470595], "u3": [0.22798153820149997, 0.47058823529411764]}