{"u0": [0.0, 0.0], "u1": [0.09846969309767967, 0.49264705882352955], "u2": [0.07996573227281664, 0.6176470588235294], "u3": [0.20576085493187435, 0.786764705882353]}