{"u0": [0.5297096615027646, 0.47029033849723545], "u1": [0.5296018311481078, 0.47039816885189223], "u2": [0.5285293811091819, 0.47147061889081804], "u3": [0.5331837539410017, 0.4668162460589982]}