{"u0": [0.516469652723834, 0.48353034727616595], "u1": [0.5156570449316925, 0.4843429550683075], "u2": [0.5159188935372712, 0.4840811064627288], "u3": [0.5186815300636147, 0.4813184699363852]}