{"u0": [0.5081702100528381, 0.491829789947162], "u1": [0.5085223007287784, 0.4914776992712217], "u2": [0.5083706421937141, 0.4916293578062859], "u3": [0.5093617349708163, 0.49063826502918373]}