{"u0": [0.5233630958116903, 0.47663690418830973], "u1": [0.5231216325401814, 0.47687836745981854], "u2": [0.52271051592043, 0.4772894840795699], "u3": [0.5258936052236154, 0.47410639477638467]}