{"#50": 0.054881350392732474, "#54": 0.07151893663724194, "#6": 0.06027633760716439, "#34": 0.054488318299689684, "#66": 0.04236547993389047, "#63": 0.06458941130666561, "#52": 0.04375872112626925, "#39": 0.08917730007820798, "#62": 0.09636627605010292, "#46": 0.03834415188257777, "#75": 0.07917250380826646, "#28": 0.05288949197529045, "#65": 0.056804456109393234, "#18": 0.0925596638292661, "#37": 0.007103605819788694, "#82": 0.008712929970154071, "#13": 0.0020218397440325718, "#33": 0.0832619845547938, "#69": 0.07781567509498505, "#19": 0.08700121482468191, "#40": 0.0978618342232764, "#79": 0.07991585642167236, "#10": 0.04614793622529319, "#43": 0.07805291762864555, "#61": 0.011827442586893323, "#74": 0.06399210213275239, "#86": 0.014335328740904641, "#56": 0.0944668917049584, "#41": 0.05218483217500717, "#27": 0.04146619399905236, "#87": 0.0264555612104627, "#57": 0.07742336894342167, "#68": 0.04561503322165485, "#92": 0.05684339488686485, "#17": 0.0018789800436355142, "#4": 0.061763549707587705, "#89": 0.06120957227224214, "#36": 0.06169339968747569, "#1": 0.09437480785146242, "#93": 0.06818202991034834, "#47": 0.0359507900573786, "#94": 0.04370319537993415, "#26": 0.06976311959272649, "#77": 0.006022547162926983, "#51": 0.06667667154456677, "#72": 0.06706378696181595, "#67": 0.02103825610738409, "#64": 0.01289262976548533}