{"#50": {"u0": 1.0, "u1": 1.0, "u2": 1.0}, "#54": {"u0": 0.9791666666666666, "u1": 0.9791666666666666, "u2": 0.9791666666666666}, "#6": {"u0": 0.9583333333333334, "u1": 0.9583333333333334, "u2": 0.9583333333333334}, "#34": {"u0": 0.9375, "u1": 0.9375, "u2": 0.9375}, "#66": {"u0": 0.9166666666666666, "u1": 0.9166666666666666, "u2": 0.9166666666666666}, "#63": {"u0": 0.8958333333333334, "u1": 0.8958333333333334, "u2": 0.8958333333333334}, "#52": {"u0": 0.875, "u1": 0.875, "u2": 0.875}, "#39": {"u0": 0.8541666666666666, "u1": 0.8541666666666666, "u2": 0.8541666666666666}, "#62": {"u0": 0.8333333333333334, "u1": 0.8333333333333334, "u2": 0.8333333333333334}, "#46": {"u0": 0.8125, "u1": 0.8125, "u2": 0.8125}, "#75": {"u0": 0.7916666666666666, "u1": 0.7916666666666666, "u2": 0.7916666666666666}, "#28": {"u0": 0.7708333333333334, "u1": 0.7708333333333334, "u2": 0.7708333333333334}, "#65": {"u0": 0.75, "u1": 0.75, "u2": 0.75}, "#18": {"u0": 0.7291666666666666, "u1": 0.7291666666666666, "u2": 0.7291666666666666}, "#37": {"u0": 0.7083333333333334, "u1": 0.7083333333333334, "u2": 0.7083333333333334}, "#82": {"u0": 0.6875, "u1": 0.6875, "u2": 0.6875}, "#13": {"u0": 0.6666666666666666, "u1": 0.6666666666666666, "u2": 0.6666666666666666}, "#33": {"u0": 0.6458333333333334, "u1": 0.6458333333333334, "u2": 0.6458333333333334}, "#69": {"u0": 0.625, "u1": 0.625, "u2": 0.625}, "#19": {"u0": 0.6041666666666666, "u1": 0.6041666666666666, "u2": 0.6041666666666666}, "#40": {"u0": 0.5833333333333334, "u1": 0.5833333333333334, "u2": 0.5833333333333334}, "#79": {"u0": 0.5625, "u1": 0.5625, "u2": 0.5625}, "#10": {"u0": 0.5416666666666666, "u1": 0.5416666666666666, "u2": 0.5416666666666666}, "#43": {"u0": 0.5208333333333334, "u1": 0.5208333333333334, "u2": 0.5208333333333334}, "#61": {"u0": 0.5, "u1": 0.5, "u2": 0.5}, "#74": {"u0": 0.4791666666666667, "u1": 0.4791666666666667, "u2": 0.4791666666666667}, "#86": {"u0": 0.4583333333333333, "u1": 0.4583333333333333, "u2": 0.4583333333333333}, "#56": {"u0": 0.4375, "u1": 0.4375, "u2": 0.4375}, "#41": {"u0": 0.4166666666666667, "u1": 0.4166666666666667, "u2": 0.4166666666666667}, "#27": {"u0": 0.3958333333333333, "u1": 0.3958333333333333, "u2": 0.3958333333333333}, "#87": {"u0": 0.375, "u1": 0.375, "u2": 0.375}, "#57": {"u0": 0.3541666666666667, "u1": 0.3541666666666667, "u2": 0.3541666666666667}, "#68": {"u0": 0.3333333333333333, "u1": 0.3333333333333333, "u2": 0.3333333333333333}, "#92": {"u0": 0.3125, "u1": 0.3125, "u2": 0.3125}, "#17": {"u0": 0.2916666666666667, "u1": 0.2916666666666667, "u2": 0.2916666666666667}, "#4": {"u0": 0.2708333333333333, "u1": 0.2708333333333333, "u2": 0.2708333333333333}, "#89": {"u0": 0.25, "u1": 0.25, "u2": 0.25}, "#36": {"u0": 0.22916666666666666, "u1": 0.22916666666666666, "u2": 0.22916666666666666}, "#1": {"u0": 0.20833333333333334, "u1": 0.20833333333333334, "u2": 0.20833333333333334}, "#93": {"u0": 0.1875, "u1": 0.1875, "u2": 0.1875}, "#47": {"u0": 0.16666666666666666, "u1": 0.16666666666666666, "u2": 0.16666666666666666}, "#94": {"u0": 0.14583333333333334, "u1": 0.14583333333333334, "u2": 0.14583333333333334}, "#26": {"u0": 0.125, "u1": 0.125, "u2": 0.125}, "#77": {"u0": 0.10416666666666667, "u1": 0.10416666666666667, "u2": 0.10416666666666667}, "#51": {"u0": 0.08333333333333333, "u1": 0.08333333333333333, "u2": 0.08333333333333333}, "#72": {"u0": 0.0625, "u1": 0.0625, "u2": 0.0625}, "#67": {"u0": 0.041666666666666664, "u1": 0.041666666666666664, "u2": 0.041666666666666664}, "#64": {"u0": 0.020833333333333332, "u1": 0.020833333333333332, "u2": 0.020833333333333332}}