{"u0": 0.3696421675765945, "u1": 0.3482827648212525, "u2": 0.33349953099507124, "u3": 0.3704601499613494}