{"u0": 0.1377133221760765, "u1": 0.14376834509702346, "u2": 0.1774056303167203, "u3": 0.20151370063621843}