{"u0": 0.6938822375227577, "u1": 0.7060339257545749, "u2": 0.7074354708648071, "u3": 0.7303552815396385}