{"u0": 0.8458427833882274, "u1": 0.8793185972388479, "u2": 0.916033130257237, "u3": 0.9032067232885015}