{"u0": 0.48349161601550594, "u1": 0.518773285913728, "u2": 0.569355017659558, "u3": 0.545582079365853}