{"u0": [0.08269309614567369, 0.1470588235294117], "u1": [0.05433424385546684, 0.2941176470588236], "u3": [0.015659819235833962, 0.3455882352941174], "u2": [0.05677270315692531, 0.42647058823529405]}