{"u0": [0.0448168013463925, 0.2720588235294117], "u3": [0.019417592146071763, 0.34558823529411764], "u1": [0.058858477770377615, 0.30147058823529416], "u2": [0.04704705625626478, 0.3897058823529411]}