{"u2": [0.10965752607771498, 0.1691176470588236], "u3": [0.03822028450030811, 0.34558823529411764], "u1": [0.06254459967456616, 0.32352941176470595], "u0": [0.11380506062401291, 0.3161764705882353]}