{"u3": [0.24717214545203753, 0.08823529411764708], "u2": [0.07940475291615356, 0.23529411764705876], "u1": [0.16765340594827174, 0.24264705882352933], "u0": [0.14333670399198906, 0.32352941176470584]}