{"u0": [0.05483840905803541, 0.22058823529411764], "u1": [0.15518374901757637, 0.13235294117647056], "u2": [0.10481126063344058, 0.25], "u3": [0.13096857774302506, 0.2720588235294118]}