{"u0": [0.5227311955759245, 0.4772688044240754], "u1": [0.5221329579776239, 0.4778670420223761], "u2": [0.5219833619819824, 0.47801663801801764], "u3": [0.5232003945271807, 0.4767996054728193]}