{"u0": [0.5083477988450383, 0.4916522011549616], "u1": [0.5084782196531902, 0.4915217803468098], "u2": [0.5080540106467333, 0.4919459893532666], "u3": [0.5078190144693007, 0.4921809855306994]}