{"u0": [0.5285038238535639, 0.4714961761464361], "u1": [0.5283574529951498, 0.47164254700485025], "u2": [0.5285380359921447, 0.4714619640078553], "u3": [0.5295902533657848, 0.47040974663421514]}