{"u0": [0.5159481053093884, 0.48405189469061166], "u1": [0.5155783274186906, 0.4844216725813094], "u2": [0.5155969489260146, 0.4844030510739854], "u3": [0.5166766413339191, 0.4833233586660809]}